Workbook

Sheet DASHBOARD
B5: Year | C5: 2023
B6: Month | C6: January
C8: Actuals | D8: PY | E8: Plan | F8: PY% | G8: PL%
B10: Atlanta | C10: {=_xlfn.XLOOKUP($C$5&$C$6&B10,TSales[Year]&TSales[Month]&TSales[Store Location],TSales[Sales],"")} -> 194896 | D10: {=_xlfn.XLOOKUP($C$5-1&$C$6&B10,TSales[Year]&TSales[Month]&TSales[Store Location],TSales[Sales],"")} -> 171934 | E10: {=_xlfn.XLOOKUP(B10,Budget!$A$3:$A$13,_xlfn.XLOOKUP($C$6,Budget!$B$2:$M$2,Budget!$B$3:$M$13),"")} -> 208107 | F10: =IFERROR(C10/D10-1,"") -> 0.13355125 | G10: =IFERROR(C10/E10-1,"") -> -0.063481767
B11: Brooklyn | C11: {=_xlfn.XLOOKUP($C$5&$C$6&B11,TSales[Year]&TSales[Month]&TSales[Store Location],TSales[Sales],"")} -> 1346275 | D11: {=_xlfn.XLOOKUP($C$5-1&$C$6&B11,TSales[Year]&TSales[Month]&TSales[Store Location],TSales[Sales],"")} -> 1202438 | E11: {=_xlfn.XLOOKUP(B11,Budget!$A$3:$A$13,_xlfn.XLOOKUP($C$6,Budget!$B$2:$M$2,Budget!$B$3:$M$13),"")} -> 1415331 | F11: =C11/D11-1 -> 0.11962114 | G11: =IFERROR(C11/E11-1,"") -> -0.048791413
B12: Detroit | C12: {=_xlfn.XLOOKUP($C$5&$C$6&B12,TSales[Year]&TSales[Month]&TSales[Store Location],TSales[Sales],"")} -> 338795 | D12: {=_xlfn.XLOOKUP($C$5-1&$C$6&B12,TSales[Year]&TSales[Month]&TSales[Store Location],TSales[Sales],"")} -> 350139 | E12: {=_xlfn.XLOOKUP(B12,Budget!$A$3:$A$13,_xlfn.XLOOKUP($C$6,Budget!$B$2:$M$2,Budget!$B$3:$M$13),"")} -> 306293 | F12: =C12/D12-1 -> -0.032398562 | G12: =IFERROR(C12/E12-1,"") -> 0.10611408
B13: Madison | C13: {=_xlfn.XLOOKUP($C$5&$C$6&B13,TSales[Year]&TSales[Month]&TSales[Store Location],TSales[Sales],"")} -> 620160 | D13: {=_xlfn.XLOOKUP($C$5-1&$C$6&B13,TSales[Year]&TSales[Month]&TSales[Store Location],TSales[Sales],"")} -> 503678 | E13: {=_xlfn.XLOOKUP(B13,Budget!$A$3:$A$13,_xlfn.XLOOKUP($C$6,Budget!$B$2:$M$2,Budget!$B$3:$M$13),"")} -> 584273 | F13: =C13/D13-1 -> 0.23126283 | G13: =IFERROR(C13/E13-1,"") -> 0.06142163
B14: Miami | C14: {=_xlfn.XLOOKUP($C$5&$C$6&B14,TSales[Year]&TSales[Month]&TSales[Store Location],TSales[Sales],"")} -> 732022 | D14: {=_xlfn.XLOOKUP($C$5-1&$C$6&B14,TSales[Year]&TSales[Month]&TSales[Store Location],TSales[Sales],"")} -> 668743 | E14: {=_xlfn.XLOOKUP(B14,Budget!$A$3:$A$13,_xlfn.XLOOKUP($C$6,Budget!$B$2:$M$2,Budget!$B$3:$M$13),"")} -> 781817 | F14: =C14/D14-1 -> 0.094623794 | G14: =IFERROR(C14/E14-1,"") -> -0.063691375
B15: New York City | C15: {=_xlfn.XLOOKUP($C$5&$C$6&B15,TSales[Year]&TSales[Month]&TSales[Store Location],TSales[Sales],"")} -> 885406 | D15: {=_xlfn.XLOOKUP($C$5-1&$C$6&B15,TSales[Year]&TSales[Month]&TSales[Store Location],TSales[Sales],"")} -> 806648 | E15: {=_xlfn.XLOOKUP(B15,Budget!$A$3:$A$13,_xlfn.XLOOKUP($C$6,Budget!$B$2:$M$2,Budget!$B$3:$M$13),"")} -> 809203 | F15: =C15/D15-1 -> 0.097636144 | G15: =IFERROR(C15/E15-1,"") -> 0.094170437
B16: Portland | C16: {=_xlfn.XLOOKUP($C$5&$C$6&B16,TSales[Year]&TSales[Month]&TSales[Store Location],TSales[Sales],"")} -> 1525673 | D16: {=_xlfn.XLOOKUP($C$5-1&$C$6&B16,TSales[Year]&TSales[Month]&TSales[Store Location],TSales[Sales],"")} -> 1343910 | E16: {=_xlfn.XLOOKUP(B16,Budget!$A$3:$A$13,_xlfn.XLOOKUP($C$6,Budget!$B$2:$M$2,Budget!$B$3:$M$13),"")} -> 1667707 | F16: =C16/D16-1 -> 0.13524938 | G16: =IFERROR(C16/E16-1,"") -> -0.085167239
B17: San Diego | C17: {=_xlfn.XLOOKUP($C$5&$C$6&B17,TSales[Year]&TSales[Month]&TSales[Store Location],TSales[Sales],"")} -> 1148750 | D17: {=_xlfn.XLOOKUP($C$5-1&$C$6&B17,TSales[Year]&TSales[Month]&TSales[Store Location],TSales[Sales],"")} -> 1049122 | E17: {=_xlfn.XLOOKUP(B17,Budget!$A$3:$A$13,_xlfn.XLOOKUP($C$6,Budget!$B$2:$M$2,Budget!$B$3:$M$13),"")} -> 1049865 | F17: =C17/D17-1 -> 0.094963217 | G17: =IFERROR(C17/E17-1,"") -> 0.0941883
B18: San Jose | C18: {=_xlfn.XLOOKUP($C$5&$C$6&B18,TSales[Year]&TSales[Month]&TSales[Store Location],TSales[Sales],"")} -> 1224085 | D18: {=_xlfn.XLOOKUP($C$5-1&$C$6&B18,TSales[Year]&TSales[Month]&TSales[Store Location],TSales[Sales],"")} -> 1094112 | E18: {=_xlfn.XLOOKUP(B18,Budget!$A$3:$A$13,_xlfn.XLOOKUP($C$6,Budget!$B$2:$M$2,Budget!$B$3:$M$13),"")} -> 1338893 | F18: =C18/D18-1 -> 0.11879314 | G18: =IFERROR(C18/E18-1,"") -> -0.08574845
B19: Seattle | C19: {=_xlfn.XLOOKUP($C$5&$C$6&B19,TSales[Year]&TSales[Month]&TSales[Store Location],TSales[Sales],"")} -> 1072499 | D19: {=_xlfn.XLOOKUP($C$5-1&$C$6&B19,TSales[Year]&TSales[Month]&TSales[Store Location],TSales[Sales],"")} -> 974042 | E19: {=_xlfn.XLOOKUP(B19,Budget!$A$3:$A$13,_xlfn.XLOOKUP($C$6,Budget!$B$2:$M$2,Budget!$B$3:$M$13),"")} -> 1176171 | F19: =C19/D19-1 -> 0.10108086 | G19: =IFERROR(C19/E19-1,"") -> -0.088143646

Sheet Budget
A1: Plan Sales YTD
B2: January | C2: February | D2: March | E2: April | F2: May | G2: June | H2: July | I2: August | J2: September | K2: October | L2: November | M2: December
A3: Portland | B3: 1667707 | C3: 2908125 | D3: 5027576 | E3: 6121332 | F3: 8755974 | G3: 8662153 | H3: 12070430 | I3: 11317472 | J3: 14638278 | K3: 13644029 | L3: 16742788 | M3: 19929457
A4: New York City | B4: 809203 | C4: 1757427 | D4: 2605450 | E4: 3488426 | F4: 4361621 | G4: 4945056 | H4: 5897188 | I4: 6570932 | J4: 6516239 | K4: 7944954 | L4: 9502914 | M4: 10521798
A5: Detroit | B5: 306293 | C5: 686233 | D5: 1104220 | E5: 1390344 | F5: 1661143 | G5: 1933031 | H5: 2224833 | I5: 2629282 | J5: 2837309 | K5: 2939853 | L5: 3248233 | M5: 4215241
A6: Madison | B6: 584273 | C6: 1176322 | D6: 1879280 | E6: 2348307 | F6: 2984446 | G6: 3472599 | H6: 4025906 | I6: 4583239 | J6: 5148418 | K6: 5494338 | L6: 6069339 | M6: 7972281
A7: Atlanta | B7: 208107 | C7: 468088 | D7: 713428 | E7: 871243 | F7: 1091019 | G7: 1247273 | H7: 1469125 | I7: 1706361 | J7: 1741961 | K7: 1937902 | L7: 2080682 | M7: 3084994
A8: Seattle | B8: 1176171 | C8: 2044758 | D8: 3601444 | E8: 4206994 | F8: 5982299 | G8: 6147547 | H8: 8274725 | I8: 7995692 | J8: 10444674 | K8: 9495560 | L8: 12238600 | M8: 18099391
A9: San Diego | B9: 1049865 | C9: 2127118 | D9: 3348859 | E9: 4687512 | F9: 5542303 | G9: 6351207 | H9: 7626123 | I9: 8552845 | J9: 9518320 | K9: 10190477 | L9: 10835588 | M9: 11889843
A10: San Jose | B10: 1338893 | C10: 2718291 | D10: 4191763 | E10: 5746493 | F10: 6988868 | G10: 7944873 | H10: 9470511 | I10: 1085106 | J10: 12013626 | K10: 11467461 | L10: 12698777 | M10: 14883975
A11: Brooklyn | B11: 1415331 | C11: 2575354 | D11: 4665341 | E11: 5344323 | F11: 7521444 | G11: 7490948 | H11: 10687954 | I11: 10278390 | J11: 13264208 | K11: 12164713 | L11: 15148551 | M11: 18401639
A12: Miami | B12: 781817 | C12: 1698978 | D12: 2599511 | E12: 3358872 | F12: 4115838 | G12: 4968835 | H12: 5700396 | I12: 6733519 | J12: 7401702 | K12: 7841878 | L12: 8499672 | M12: 9522394
A13: Huntsville | B13: 420966 | C13: 813226 | D13: 1510021 | E13: 1683220 | F13: 2322307 | G13: 2363189 | H13: 3264619 | I13: 3101356 | J13: 3928299 | K13: 3653798 | L13: 4524370 | M13: 5276271

Sheet Actuals
A1: Actual Sales YTD
A3: Year | B3: Month | C3: Store Location | D3: Sales
A4: 2021 | B4: January | C4: Atlanta | D4: 124866
A5: 2021 | B5: January | C5: Detroit | D5: 214673
A6: 2021 | B6: January | C6: Madison | D6: 386127
A7: 2021 | B7: January | C7: Miami | D7: 461093
A8: 2021 | B8: January | C8: New York City | D8: 588713
A9: 2021 | B9: January | C9: Seattle | D9: 711137
A10: 2021 | B10: January | C10: San Diego | D10: 730877
A11: 2021 | B11: January | C11: San Jose | D11: 801673
A12: 2021 | B12: January | C12: Brooklyn | D12: 882301
A13: 2021 | B13: January | C13: Portland | D13: 982009
A14: 2021 | B14: February | C14: Atlanta | D14: 258837
A15: 2021 | B15: February | C15: Detroit | D15: 400822
... A353: 2023 | B353: November | C353: Portland | D353: 15719956
